product_name,price,Top_Sell_Rank,Popularity_Rank
20Dresses Brown Shiver Me Timbers Boots,1374,181,108
"3wish CUR-BLUE Silver Blue 8023 Analog Watch  - For Boys, Men",39,268,108
612 League Girl's Gathered Dress,8029,57,20
612 League Girl's Shift Dress,449,147,108
"@499 Casual, Festive, Formal, Lounge Wear, Party Sleeveless Embellished Women's Top",1999,268,108
"A Avon PK_504 Analog Watch  - For Men, Boys",549,526,108
"A Avon PK_741 Analog Watch  - For Men, Boys",440,71,108
A R ENTERPRISES musical wlking cow,4899,86,108
ABHIRA Girl's A-line Dress,1073,160,108
ACM Pouch for Intex Aqua Lions 3g,898,30,108
ACM Pouch for Swipe Elite Plus,60,526,108
AKUP be-urr-own-hero 1 Ceramic Mug,2708,638,108
AKUP beautiful Ceramic Mug,300,526,108
AKUP because-i-have-a-brother Ceramic Mug,4627,235,108
AKUP crazy-women Ceramic Mug,249,260,108
AKUP dad-a-daughters-first-love Ceramic Mug,159,268,108
AKUP dream-big-work-hard Ceramic Mug,3911,268,108
AKUP happy-mothers-day Ceramic Mug,255,268,108
AKUP happy-new-year-love- Ceramic Mug,200,526,108
AKUP happy-thanks-giving Ceramic Mug,.55.00,147,108
AKUP i-creid-because Ceramic Mug,599,268,108
AKUP i-love-dubstep Ceramic Mug,795,268,108
AKUP i-love-music Ceramic Mug,999,268,108
AKUP i-love-my-mom Ceramic Mug,170,638,108
AKUP i-love-stories Ceramic Mug,410,449,108
AKUP i-loves-music Ceramic Mug,5540,268,108
AKUP keep-calm Ceramic Mug,8640,13,108
AKUP league-of-legends Ceramic Mug,3100,449,108
AKUP life-is-not-living Ceramic Mug,354,268,108
AKUP love-music Ceramic Mug,4440,268,108
AKUP one-gud-thing-about-music Ceramic Mug,750,268,108
AKUP ur-own-kind Ceramic Mug,249,268,108
AKUP without-the-rain Ceramic Mug,3585,431,108
AW Bellies,1042,86,108
Aadyaa Collections Alloy Bangle Set,5753,638,108
Aaliya Casual Sleeveless Embellished Women's Top,599,638,108
Aaliya Casual Sleeveless Solid Women's Top,598,449,108
Aaliya Festive Full Sleeve Self Design Women's Top,350,449,108
Aaliya Festive Full Sleeve Solid Women's Top,8305,449,108
Abr Casual Shoes,918,638,108
Absurd Full Sleeve Solid Men's Reversible Sweatshirt,2023.12,449,108
Absurd Full Sleeve Solid Men's Sweatshirt,7999,416,56
Addyvero Geometric Print Round Neck Casual Boy's Sweater,168,602,108
Akshadha Girl's A-line Dress,149,161,108
"Alfajr WQ18 Qibla Compass Digital Watch  - For Men, Boys, Girls",999,366,108
"Alfajr WY16B Youth Digital Watch  - For Men, Boys",225,214,108
Alibi Casual Short Sleeve Solid Women's Top,995,268,108
Alibi Casual Sleeveless Solid Women's Top,2944,526,108
Alisha Solid Women's Cycling Shorts,799,232,11
Allen Solly Casual Short Sleeve Solid Women's Top,219,426,108
Allen Solly Girl's A-line Dress,8203,449,108
Allen Solly Girl's Gathered Dress,4703,239,34
Allen Solly Girl's Layered Dress,17,638,108
Allen Solly Girl's Shift Dress,299,240,56
Allure Silver Amethyst Sterling Silver Ring,649,417,108
American Crew Solid Women's Track Pants,4800,245,108
American-Elm Solid Men's Waistcoat,479,181,108
Anand Archies Boots,9846,366,108
Anaya Women Heels,3949,568,108
Angelfish Silk Potali Potli,4475,638,108
Araanz by Tribhovandas Bhimji Zaveri Delhi Gold Diamond 18K Yellow Gold 18 K Ring,9168,44,108
"Aries Gold G 729 S-BK Analog Watch  - For Men, Boys",190,496,108
"Asian Aura Electric Burner Rose, Vanilla Liquid Air Freshener",498,638,108
"Asian Gems & Jewels 5 Dhaatu Metal, Alloy Amethyst Ring",1765,357,108
"Asian Gems & Jewels 5 Dhaatu Metal, Alloy Opal Ring",99,245,56
"Asian Gems & Jewels 5 Dhaatu Metal, Alloy Zircon Ring",350,638,108
"Asian Gems & Jewels 5.25 Ratti 5 Dhaatu Sterling Silver, Metal, Alloy Coral Ring",4073,526,108
"Asian Gems & Jewels 6.25 Ratti 5 Dhaatu Sterling Silver, Metal, Alloy Cat's Eye NA K Ring",7479,52,108
Asics Gel-Cumulus 17 Running Shoes,9619,268,108
Asics Gel-Kayano 22 Running Shoes,94.05,158,108
Ausy Casual Short Sleeve Floral Print Women's Top,1578,449,108
Ausy Casual Short Sleeve Printed Women's Top,7037,260,108
Avsar Sachi Gold Diamond 18 K Ring,250,366,108
BFT 6 W LED Bulb,3105,496,108
BFT 6 W LED Cool White Bulb,3058,523,108
BFT 9 W LED Bulb,999,44,56
Babeezworld Dungaree Baby Boy's  Combo,2000,621,108
Babeezworld Solid Round Neck Boy's Sweater,90,105,108
Bedazzle Casual Sleeveless Solid Women's Top,350,568,108
Beebay Girl's A-line Dress,506,526,108
Behringer Xenyx 502 Analog Sound Mixer,7034.5,526,108
Bellafoz Women Heels,695,417,34
Belle Gambe Boots,6794,61,20
Belle Gambe Winter Boots,339,366,108
Bells And Whistles Striped Round Neck Boy's Sweater,170,366,108
Bengal Blooms Rose Artificial Plant  with Pot,295,565,108
Bento Musical Teddy Bear,250,431,108
Besiva Casual Full Sleeve Solid Women's Top,9117,558,108
Betty Girl's Maxi Dress,8139,23,7
Blacksoul Casual Short Sleeve Solid Women's Top,489,568,108
"BlueStone Sylvan Lattice Yellow Gold Diamond, Pearl 18 K Ring",230,268,108
"BlueStone The Beatrice White Gold Diamond, Pearl 14 K Ring",199,430,108
BlueStone The Ciara for her Yellow Gold Diamond 18 K Ring,850,52,108
BlueStone The Crocio Band Yellow Gold Diamond 14 K Ring,3840,181,108
BlueStone The Elettra Yellow Gold Diamond 18 K Ring,128,268,108
"BlueStone The Golden Arm Yellow Gold Diamond, Pearl 18 K Ring",430,181,108
BlueStone The Juliette Yellow Gold Diamond 18 K Ring,6867,268,108
BlueStone The Princess Gold Diamond 18 K Ring,6059,526,108
"BlueStone The Rajeshwari White Gold Diamond, Emerald, Ruby 18 K Ring",610,86,108
BlueStone The Sestet Yellow Gold Diamond 14 K Ring,598,568,108
BlueStone The Twin Wingflow Yellow Gold Diamond 18 K Ring,399,345,108
"BlueStone The Ziva Yellow Gold Diamond, Emerald 18 K Ring",7750,449,108
Bonzer Bellies,5149,258,34
Bonzer Boots,2894,431,108
Bostan Running Shoes,667,181,108
BownBee Girl's Gathered Dress,2879,638,108
BrandTrendz Bellies,3931,147,108
BrandTrendz Loafers,4818,417,108
"Breitling AB011010/BB08 131S Chronomat 44 Analog Watch  - For Boys, Men",769,30,108
"Britex BT2050+BT3101 He & She Analog Watch  - For Couple, Women, Men, Boys, Girls",2399,219,108
Bruno Manetti 664 Boots,79,449,108
Bruno Manetti 676 Boots,108,181,108
Bruno Manetti Cannelita Boots,249,20,108
BuildTrack PIR Wireless Motion Sensor - One Switch Control Wireless Sensor Security System,595,568,108
Bulaky vanity case Jewellery Vanity Case,399,13,108
Burt s Bees Hair Repair Shea And Grapefruit Deep Conditioner,199,638,108
Butterfly Wears Casual Short Sleeve Solid Women's Top,3009,219,108
C&S Shopping Gallery Women's Leggings,2693,63,108
CASEDEAL Microsoft Nokia lumia x2 Back Panel,2679,558,108
Calgari Women's Gathered Dress,7902,366,108
"Calibro SW-125 Analog-Digital Watch  - For Men, Boys",534,366,108
"Camerii WM64 Elegance Analog Watch  - For Men, Boys",349,491,108
CaratLane Fantasia Band White Gold Diamond 18 K Ring,205,129,108
CaratLane Swish Ray White Gold Diamond 18 K Ring,250,129,108
Carl 3346-1-Cheetablue Boots,7953,268,108
Carlton Boots,3107,496,108
Carlton London Boots,897,85,56
Carmity RN-020 Maruti Ciaz Car Grill Cover,699,417,108
Carrel Printed Women's,5120,495,56
"Cartier W6701005 Analog Watch  - For Boys, Men",2699,568,108
"Casela CAS-W-13 Basic Analog Watch  - For Boys, Girls",821,173,108
CatBird Boots,7804,621,108
Cation Casual 3/4 Sleeve Printed Women's Top,4160,568,108
Cation Casual 3/4 Sleeve Solid Women's Top,540,12,11
Cation Casual Short Sleeve Solid Women's Top,660,259,13
"Cation Casual Short Sleeve, 3/4 Sleeve Solid Women's Top",2400,621,108
"Cation Casual Short Sleeve, Sleeveless Solid Women's Top",4966,526,108
Cation Casual Sleeveless Solid Women's Top,4159,268,108
Catwalk Boots,4399,562,56
Cellbazaar Blackberry 8520 WHITE LCD LCD,249,431,108
Clara Certified Katela 3 cts or 3.25 ratti 4 Prongs Sterling Silver Amethyst Ring,193,526,108
Clara Certified Katela 3.9 cts or 4.25 ratti Stunning Sterling Silver Amethyst Ring,645,161,108
Clara Certified Katela 5.5 cts or 6.25 ratti Elegant Sterling Silver Amethyst Ring,795,526,108
Clara Certified Katela 6.5 cts or 7.25 ratti 4 Prongs Sterling Silver Amethyst Ring,595,526,108
Clara Certified Katela 6.5 cts or 7.25 ratti Elegant Sterling Silver Amethyst Ring,792,63,108
Clara Certified Katela 8.3 cts or 9.25 ratti Zoya Sterling Silver Amethyst Ring,120,235,108
Claude Lorrain Black Casuals Shoes,340,268,108
Clincher Semonday Boots,2198,268,108
"Cobra Paris CO6394A1 Analog Watch  - For Men, Boys",3851,366,108
"Colat COLAT_M08 Roman Numerals Analog Watch  - For Men, Boys",5206,235,108
"Colat COLAT_MW20 Sheen Analog Watch  - For Men, Women, Boys, Girls",286,638,108
Colbrii Casual Full Sleeve Printed Women's Top,6059,268,108
Colors Couture Casual Short Sleeve Printed Women's Top,749,449,108
Com-Paint Decor Paint Spray Paint Bottle,1469,496,108
"Costa Swiss CS-2001 Analog Watch  - For Boys, Men",2771,181,108
Credos Boots,99,268,108
Crocs Boots,3782,268,108
Crocs Boys Sandals,795,173,108
CurVy Q Casual Butterfly Sleeve Solid Women's Top,1980,449,108
"D'SIGNER 688RGM _BRN Analog Watch  - For Men, Boys",280,353,108
"D'Signer 681GM_WHT Analog Watch  - For Men, Boys",319,63,108
D'clair Micromax Canvas Play 4G Q469 Battery Charger,690,71,108
D-Link DAP1320,6044,268,108
DJH Boots,7140,431,108
DailyObjects Back Cover for iPad Mini/Retina Display,430,147,108
De Kafal Girl's Gathered Dress,199,494,108
Dearfoams Boots,1145,219,108
Devinez Home Liquid Air Freshener,3627,219,108
Discountgod Men's Checkered Casual Shirt,1990,638,108
"Disney 98189 Analog Watch  - For Boys, Girls",161,638,108
"Disney DW100230 Digital Watch  - For Boys, Girls",1100,496,108
Disney DW100405 Digital Watch  - For Boys,699,260,108
"Disney LP-1008 (Yellow) Analog Watch  - For Boys, Girls",1311,268,108
"Disney MSFR190-01B Analog Watch  - For Boys, Girls",795,606,108
Ditu&Kritu Warrior Aviator Sunglasses,748,145,108
Do Bhai Boots,3682,52,108
Dove Hair Therapy Daily Moisture Conditioner,840,638,108
Dressberry Black Synthetic  Clutch,8664,427,56
Dressberry Gold Synthetic  Clutch,875,21,20
Dressberry Green Synthetic  Clutch,4145,449,108
Dressberry Orange Synthetic  Clutch,227,449,108
Dumdaar.Com Casual Short Sleeve Self Design Women's Top,3274,219,108
Dumdaar.com Women's Gathered Dress,649,173,108
Dungri India Craft Ducjug008-ducgl017-2 Jug Glass Set,899,526,108
Dungri India Craft Ducjug010-ducgl012-2 Jug Glass Set,1190,245,108
Eccellente Solid Hip Hop Cap,3431.44,496,108
"Elantra S 10 Analog Watch  - For Boys, Men",6849,526,108
Elegance Polyester Multicolor Abstract Eyelet Door Curtain,60,606,108
"Eleganzza Denim Denim Analog Watch  - For Men, Women, Boys, Girls, Couple",399,560,108
Elisabetta Bartolli Party Short Sleeve Solid Women's Top,8599,181,108
Elite Neckties Necktie Men's  Combo,3046,568,108
Elson Self Design V-neck Women's Sweater,3696,219,108
Enah Casual Sleeveless Printed Women's Top,695,449,108
Escan Lace Up,297,71,108
Escocer Women's Leggings,1619,449,108
"Escort E-1700-906_Blk Analog Watch  - For Men, Boys",140,86,108
Eshoppee Laughing Buddha For Success And Wealth Showpiece  -  12 cm,389,161,108
"Estilo 1056 Analog Watch  - For Boys, Men",295,638,108
Eternal Gandhi Super Series Crystal Paper Weights  with Silver Finish,5344,638,108
Eurospa Cotton Terry Face Towel Set,6327,417,108
"F&S Casual, Party Short Sleeve Self Design Women's Top",2880,105,108
FDT Women's Leggings,888,268,108
FabAlley Casual Full Sleeve Solid Women's Top,600,245,108
FabAlley Casual Short Sleeve Solid Women's Top,701,100,56
FabAlley Casual Sleeveless Printed Women's Top,9280,181,108
FabAlley Casual Sleeveless Solid Women's Top,795,58,34
FabHomeDecor Fabric Double Sofa Bed,650,127,20
Fantasy Ika Casual 3/4 Sleeve Self Design Women's Top,4685,357,108
Fantasy Ika Casual Short Sleeve Solid Women's Top,769,366,108
Fasense Women's Nighty,120,245,108
Fashion Flow+ Women's Leggings,8458,366,108
Fashion Tree Men's Solid Formal Shirt,595,122,34
"Felix 3541 W-S METAL Analog Watch  - For Boys, Girls",749,449,108
"Felix Y 39 Analog Watch  - For Boys, Men",574,181,108
First Choice Cotton Embroidered Diwan Set,700,60,17
Fluid DMF-002-GR01 Digital Watch  - For Boys,200,366,108
Foot Candy Boots,180,63,108
Foot Candy Women Heels,981,86,20
For Kids Girl's A-line Dress,7358,104,56
Forever Fashion Casual Sleeveless Solid Women's Top,595,621,108
"Franck Bella FB0122DD Analog Watch  - For Men, Boys",250,268,108
"Franck Bella FB0128B Analog Watch  - For Men, Boys",1689,30,108
"Franck Bella FB123D Analog Watch  - For Men, Boys",3049,496,108
"Franck Bella FB127A Analog Watch  - For Boys, Men",6400,638,108
"Franck Bella FB74C Analog Watch  - For Boys, Men",1000,366,108
Freelance Vacuum Bottles 350 ml Bottle,499,526,108
French Creations Casual Short Sleeve Solid Women's Top,2471,181,108
Fundoo T Full Sleeve Solid Men's Sweatshirt,6049,99,13
Fundoo T Printed Men's Track Suit,624,86,108
Furst USB Adapter with Cable For A7 Battery Charger,2880,449,108
Furst USB Adapter with Cable For Core Prime Battery Charger,4656,496,108
Furst USB Adapter with Cable For Dzire SV Battery Charger,5915,268,108
Furst USB Adapter with Cable For Dzire VC Battery Charger,209,29,108
Furst USB Adapter with Cable For Lnvo Sisley S90 Battery Charger,142,268,108
Furst USB Adapter with Cable For Lnvo Vibe P1M Battery Charger,329,218,108
Furst USB Adapter with Cable For Mt X (2nd Gen) Battery Charger,2515,568,108
Furst USB Adapter with Cable For One Dual Sim Battery Charger,649,181,108
Furst USB Adapter with Cable For Xp Miro Battery Charger,79,606,108
Furst USB Adapter with Cable For Xp Z5 Battery Charger,230,638,108
G-Luck Gomed Stone Weight - 12.3 Carat / 14.47 Ratti Silver Garnet Ring,760,417,108
G-Luck Silver Turquoise NA K Ring,660,100,34
Gag Wear Casual Short Sleeve Solid Women's Top,4211,181,108
Gee & Bee Casual Printed Women's Kurti,7299,51,34
Get Glamr Dazzle Boots,5275,13,108
Get Glamr Designer Kuyal Boots,3200,449,108
Get Glamr Designer Snowra Boots,1772,181,108
Get Glamr Designer Uggy Boots,799,240,56
Get Glamr Designer Yuvu Boots,1100,268,108
Get Glamr Stylish Boots,95,240,56
Glacier Running Shoes,3465,526,108
Glus Wedding Lingerie Set,179,30,108
Goddess Women Casual 3/4 Sleeve Solid Women's Top,3920,268,108
"Great Art Floral Print Wool, Viscose, 20% Kashmiri wool, 50% Cashmilon and 30% Wool ruffle yarn Women's Stole",1178,526,108
Gritstones Solid Women's Track Pants,8960,233,20
H E Creations Brass Cubic Zirconia Yellow Gold Ring,798,449,108
HRS CLUB BOY Thigh Pads,289,496,108
HRS ULTIMATE BOY Chest Pads,340,30,108
HRS ULTIMATE BOY Elbow Pads,8074,366,108
HRS ULTIMATE MEN Chest Pads,2050,1,108
"Hala Red In Black trendy digital Digital Watch  - For Boys, Girls, Men",7040,366,108
Hangover Solid Round Neck Women's Sweater,3739,105,108
Hariom Enterprises Polypropylene Plastic file cover,807,496,108
Hariom Enterprises Polypropylene Stick Folders,240,158,108
"Herbal Jewellery Alloy, Wood Bracelet",2739,344,108
Herberto Girl's A-line Dress,90,124,8
Herberto Girl's High Low Dress,298,446,56
Hichkii Casual Cape Sleeve Embroidered Women's Top,219,366,108
Himmlisch ST381 Magnetic Sun Shade For Maruti Alto,1169,526,108
House This Queen Cotton Duvet Cover,5785,602,108
INDRICKA Casual Butterfly Sleeve Solid Women's Top,3019,268,108
Imagination Casual Full Sleeve Solid Women's Top,880,266,34
Imagination Casual Full Sleeve Striped Women's Top,1390,621,108
Indcrown Net Embroidered Semi-stitched Lehenga Choli Material,3179,427,108
Indian Gems And Jewells Certified 2 Cts Sterling Silver Ruby Ring,977,568,108
Indistar Self Design Viscose Women's Stole,7924,345,56
Ishin Casual Full Sleeve Solid Women's Top,938,63,56
Ishtaa Gold Cubic Zirconia 18 K Ring,795,417,56
IskiUski Medieval Sterling Silver Diamond 22K Yellow Gold Ring,545,496,108
Itiha Home Liquid Air Freshener,3912,70,34
J.D.H. 111-222 Boots,3549,638,108
JASPO Saphire Dual Shoe Skates Combo Size 5 Skating Kit,219,71,108
JASPO Thunder Intact Superior Senior Skates Combo (skates+helmet+knee+elbow+bag)suitable for age upto 6 to 14 years Skating Kit,600,129,108
JDX Plain Bed/Sleeping Pillow,9469,215,13
JMD Printed Cushions Cover,3515,364,56
JQR JQR Sports Shoes Running Shoes,995,63,56
"Jack Klein Goldjack Analog Watch  - For Boys, Men",1228,13,108
Jack klein BlackLed Digital Watch  - For Boys,3087,621,108
JacknJewel Gold Pearl Yellow Gold 14 K Ring,399,268,108
Jacknjewel Astonishing Gold Pearl 18K White Gold 18 K Ring,3462,366,108
Jacques Farel KWD2324 Analog Watch  - For Boys,300,30,108
Jaipur Print Cotton Floral King sized Double Bedsheet,5526,6,56
Jaune Women's Sheath Dress,699,268,108
Jayanti sarees Party Embroidered Women's Kurti,4899,366,108
Jewels Of Jaipur Gold Ruby Yellow Gold 14 K Ring,3331,265,56
Jewlook Neck Tie Men's  Combo,399,345,108
Juelle Casual Sleeveless Solid Women's Top,4959,268,108
Just In Time Fashions Women's A-line Dress,450,638,108
KAJCI Embroidered Women's Waistcoat,3089,568,108
Kaaryah Casual 3/4 Sleeve Printed Women's Top,8179,71,108
Kaaryah Casual Short Sleeve Solid Women's Top,858,366,108
Kaaryah Casual Sleeveless Solid Women's Top,3458.25,449,108
Kaaryah Formal Short Sleeve Solid Women's Top,200,366,56
Kaaryah Formal Sleeveless Solid Women's Top,600,141,34
Kairaa Lounge Wear Sleeveless Embellished Women's Top,120,71,108
KalaBhawan Stair Sculpture Showpiece  -  39 cm,3219,638,108
"Kalakruti K Jewellery B Jewelry box, Makeup Vanity Multi Purpose",7449,63,108
Karatcraft Ailey Band Gold Diamond 18 K Ring,1799,449,108
Karatcraft Bibiana Gold Diamond 18 K Ring,370,26,108
Karatcraft Celebra Gold Diamond 18 K Ring,2709,526,108
Karatcraft Citra Engagement Gold Diamond 18 K Ring,544,446,56
Karatcraft Clariz Gold Diamond 18 K Ring,4768,24,34
Karatcraft Donna Gold Diamond 18 K Ring,8984,13,108
Karatcraft Duilla Ruby Gold Diamond 18 K Ring,698,240,56
Karatcraft Dulce Gold Diamond 18 K Ring,749,268,108
Karatcraft Duma Stackable Gold Diamond 18 K Ring,1663,496,108
Karatcraft Journa Gold Diamond 18 K Ring,310,449,56
Karatcraft Klytie Gold Diamond 18 K Ring,4083,217,56
Karatcraft Musimi Gold Diamond 18 K Ring,3699,565,108
Karatcraft Om Gold Diamond 18 K Ring,90,28,56
Karatcraft Raciel Gold Diamond 18 K Ring,70,526,108
Karatcraft Risena Gold Diamond 18 K Ring,399,431,108
Karatcraft Robini Emerald Gold Diamond 18 K Ring,8516,234,56
Karatcraft Sima Gold Diamond 18 K Ring,2550,366,108
Karatcraft Solitana Gold Diamond 18 K Ring,1170,181,108
Karatcraft Trilic Gold Diamond 18 K Ring,175,240,56
Karatcraft Triniya Promise Gold Diamond 18 K Ring,7778,140,34
Karatcraft Twinoh Gold Diamond 18 K Ring,249,145,108
Karatcraft Valusha Gold Diamond 18 K Ring,5649,568,108
Karatcraft Wadell Gold Diamond 18 K Ring,2400,178,56
Karatcraft Zunia Gold Diamond 18 K Ring,850,638,108
Karigaari Set Of 5 Adivasi Doing Merry On Trumpet Showpiece  -  30 cm,170,366,108
Kea Casual Sleeveless Solid Women's Top,251,366,108
Kennel Rubber Dumbell With Bell - Small Rubber Rubber Toy For Dog,340,568,108
Kiara Jewellery KIR0344 Silver Cubic Zirconia Rhodium Ring,221,496,108
Kiara Jewellery Silver Cubic Zirconia Rhodium Ring,3782,621,108
Kiara Jewellery Sterling Silver Cubic Zirconia Rhodium Ring,798,2,3
Kiara Jewellery Sterling Silver Swarovski Crystal Yellow Gold Ring,798,86,56
Kids On Board Girl's Gathered Dress,3279,268,108
Kidzblush Girl's A-line Dress,798,181,108
Kielz Boots,98,125,34
Kielz Ladies Boots,964,11,4
Kings Multicolor Tassels,80,268,108
Klaur Melbourne Boots,695,181,108
"Kleio Festive, Party, Casual Blue PU  Clutch",373,345,108
Klick Casual Full Sleeve Solid Women's Top,7060,621,108
Klick2Style Casual Sleeveless Solid Women's Top,299,105,108
"Kms Ironman_Look_Led_Black11 Digital Watch  - For Men, Women, Girls, Boys",3719,354,108
"Knight Ace Kraasa Sports Running Shoes, Cycling Shoes, Walking Shoes",988,357,108
Komnil Solid Women's Polo T-Shirt,6799,417,108
"Kool Kidz DMK-003-YL 03 Analog Watch  - For Girls, Boys",259,449,108
"Kool Kidz DMK-012-QU02 Analog Watch  - For Girls, Boys",599,268,108
Krasns Couture Formal Sleeveless Solid Women's Top,249,621,108
Kripa's Printed Cushions Cover,1495,58,108
"KuberBox Ravishing Ring White Gold Diamond, Topaz 14K White Gold 14 K Ring",559,268,108
"KuberBox Sortil√®ge Pearl Gold Diamond, Pearl 14K White Gold 14 K Ring",4897,268,108
Kundali Gold Topaz 18 K Ring,430,568,108
Kundali Pukhraj Stone Weight - 3.8 Carat / 4.47 Ratti Gold Sapphire 18 K Ring,2471,568,108
LG MC3286BLT 32 L Convection Microwave Oven,399,568,108
La Briza Andria Boots,529,568,108
La Briza Ashley Boots,440,522,108
La Briza Black Boots,6080,181,108
La Briza Mile Boots,89,638,108
Ladela Bellies,4199,638,108
Lamere Women Flats,6496,268,108
Lamy Screen Metalic with Stylus Ball Pen,199,621,108
Lee Mark Men's Solid Formal Shirt,8167,48,56
Lee Men's Jeans,3819,268,108
"Lee Solid V-neck Casual, Party Men's Sweater",390,638,108
"Lenco Bdblue Tango Analog Watch  - For Men, Boys",598,449,108
"Lenco DCOMPASS2010 Quazi Analog-Digital Watch  - For Men, Boys",3520,105,108
Libas Printed Women's A-line Kurta,663,496,108
Libas Printed Women's Anarkali Kurta,79,81,108
Life by Shoppers Stop Casual Short Sleeve Applique Women's Top,2394,602,108
Life by Shoppers Stop Casual Sleeveless Solid Women's Top,6899,560,108
Life by Shoppers Stop Women's Gathered Dress,590,181,108
Ligans NY Men Formal Black Genuine Leather Belt,8785,526,108
Living World by Home Stop Solid Wood Display Unit,795,268,108
Liza Women Wedges,5546,366,108
Logues LGSWATCH61003PP DIGI YELLOW Sports Analog-Digital Watch  - For Boys,199,638,108
"Lois Caron LCS-4032 Analog Watch  - For Boys, Men",325,52,108
Lovelady Wedding Lingerie Set,4309,568,108
Lyc White Casual Boots,1067,621,108
MASARA Solid Women's Straight Kurta,6479,49,17
MERIL Casual Full Sleeve Printed Women's Top,794,219,56
MSL Women Flats,629,526,108
Madcaps C38GR30 Men's Cargos,6400,268,108
Maggie Party Sleeveless Floral Print Women's Top,540,268,108
Magnum Footwear Lifestyle,7299,606,108
Magnum Footwear Lifestyle Boots,930,142,20
"Majori Casual, Festive, Party Short Sleeve Floral Print Women's Top",795,13,108
Mangosteen Casual 3/4 Sleeve Printed Women's Top,399,606,108
Mario Gotze Women's Printed Casual Orange Shirt,3254,345,108
"Marvel DW100243 Digital Watch  - For Boys, Girls",151,431,108
Masaba for Magic fairy Girl's Layered Pink Dress,441,366,108
Maserati Time R8851116001 Analog Watch  - For Boys,3246,126,108
Mast & Harbour Black Synthetic  Clutch,439,417,56
Mast & Harbour Gold Synthetic  Clutch,7299,606,108
Medimix Transparent with Glycerine And Lakshadi,645,71,108
Megha Casual Short Sleeve Printed Women's Top,745,105,108
"Membooz Casual, Party Short Sleeve Self Design Women's Top",4481,52,108
Miss Chase Casual Sleeveless Solid Women's Top,5269,103,34
Mizuno Lightweight Hoody Solid Men's Wind Cheater,159,268,108
Moda Vastra Casual 3/4 Sleeve Graphic Print Women's Top,469,260,108
Modo Vivendi Casual Short Sleeve Solid Women's Top,399,496,108
Modo Vivendi Casual Sleeveless Solid Women's Top,949,431,56
MohanJodero Showpiece  -  46 cm,3999,268,108
"Mom and Kid Baby Girl's Printed Blue, Grey Top & Pyjama Set",750,449,108
Mom and Kid Baby Girl's Printed Green Top & Pyjama Set,5691,105,108
Momin Libas AK2414 Kashibo Solid Abaya No,1466,181,108
Mount Nano MN 110 250 ml Wheel Tire Cleaner,637,260,108
My Addiction Casual Full Sleeve Embroidered Women's Top,5699,245,108
My Addiction Casual Short Sleeve Printed Women's Top,210,449,108
My Little Joy Casual Short Sleeve Printed Baby Girl's Top,355,621,108
My Little Joy Casual Short Sleeve Printed Girl's Top,799,445,56
Myesquire Black and White Aroma Burner Combo Lemongrass Liquid Air Freshener,2157,366,108
Myesquire Blue Green Aroma Burner Combo Lemongrass Liquid Air Freshener,399,129,108
Myesquire Brown Aroma Burner Combo Lemongrass Liquid Air Freshener,620,181,108
Myesquire Ceramic Burner Pot Lemongrass Liquid Air Freshener,1590,147,56
Myesquire Ceramic Coffee Burner Pot Lemongrass Liquid Air Freshener,396,268,108
Myesquire Oval Electric Aroma Lemongrass Liquid Air Freshener,995,365,56
Myesquire Square Pot Aroma Electric Burner Lemongrass Liquid Air Freshener,320,568,108
Myesquire White Brown Aroma Burner Combo Lemongrass Liquid Air Freshener,595,366,108
Mykraft Girl's A-line Dress,2708,496,108
"Mynte Solid Women's Cycling Shorts, Gym Shorts, Swim Shorts",995,5,2
Myra Comfortable Boots,300,129,108
NE Regular Fit Men's Jeans,1499,638,108
NOD Casual Full Sleeve Solid Women's Top,3519,621,108
Navaksha Necktie Men's  Combo,999,4,1
Nechams Resin Magnetic Magnetic Melamine Small Whiteboards,3400,366,108
Nell Women Heels,3964,606,108
Newworld RTNE Pack Of One -446 Tempered Glass for Intex Aqua Sense,7683,526,108
Newworld RTNE Pack Of One -583 Tempered Glass for Xiaomi Mi 4i,289,496,108
Next Steps Striped Round Neck Casual Boy's Sweater,518,219,108
Nine Lions Bollywood Fashion Casual Short Sleeve Solid Women's Top,250,161,108
Nine Lions Bollywood Fashion Party Sleeveless Solid Women's Top,4388,519,108
Nine Maternity Wear Women's Fit and Flare Dress,6971,496,108
Nineteen Casual Bell Sleeve Solid Women's Top,795,496,108
Niremo Loafers,4493.46,638,108
Nishtaa Yellow Gold 22 K Ring,5349,27,8
Nishtaa Yellow Gold Cubic Zirconia 22 K Ring,750,606,108
Noor Embroidered Women's Straight Kurta,270,366,108
"North Moon IW-005-FK Silicone Ion Digital Watch  - For Boys, Girls, Women",999,621,108
Now SP-ETHNIC Analog Watch  - For Boys,4110,568,108
Nun Casual Full Sleeve Striped Women's Top,2000,268,108
Nuride Canvas Shoes,3292,638,108
OM SHIVAKRITI Square wall Clock Showpiece  -  38.1 cm,574,366,108
Only Party Short Sleeve Solid Women's Top,3636,181,108
Orous Casual 3/4 Sleeve Printed Women's Top,9280,568,108
Oviya Casual Sleeveless Self Design Women's Top,80,161,108
Oxolloxo Girl's A-line Dress,995,345,108
"Oxter Chrono Blue Italia Analog Watch  - For Men, Boys",795,345,108
Oye Boy's Dungaree,568,638,108
Ozel Studio Casual 3/4 Sleeve Solid Women's Top,4487,366,108
Ozel Studio Casual Full Sleeve Floral Print Women's Top,7040,8,108
Ozel Studio Casual Full Sleeve Printed Women's Top,3877,172,108
Ozel Studio Casual Full Sleeve Solid Women's Top,275,62,34
Ozel Studio Casual Short Sleeve Solid Women's Top,748,161,108
Ozel Studio Casual Sleeveless Printed Women's Top,1431,268,108
Ozel Studio Casual Sleeveless Solid Women's Top,3280,354,56
Packman 8 x 10 inches Security Bags Without POD Jacket Courier Bag Security Bag,275,568,108
Palette Casual Sleeveless Solid Women's Top,9674,268,108
Paprika Party Sleeveless Solid Women's Top,475,366,108
Parron Men's Printed Casual Shirt,299,562,108
Parron Men's Solid Casual Shirt,8013,83,20
Paul Mitchell Tea Tree Lavender Mint Moisturizing Unisex Conditioner,6161,431,108
Peppermint Blues Casual Sleeveless Printed Women's Top,2667,431,108
Petals Girl's Gathered Dress,845,105,108
Peter England Men's Solid Formal Shirt,1100,357,108
Pick Pocket Embroidered Women's Waistcoat,3595,621,108
Pinza Black Christmas Boots,3355,30,108
Pinza Blue Cowboy Boots,4170,606,108
"Positif Pfbk612 Analog Watch  - For Men, Boys",349,181,108
Posto Necktie Men's  Combo,8779,427,108
PrettyPataka Party Full Sleeve Woven Women's Top,450,105,108
"Proence Weight Gainers, Mass Gainers",4927,638,108
Pulpypapaya Self Design Women's Round Neck T-Shirt,595,526,108
Pure Source Psi-As-Hanggnrlx Relaxing Liquid Air Freshener,6405,449,108
"Q&Q LLA2-213 Digital Watch  - For Boys, Girls",4219,526,108
"Q&Q VQ13-008 Analog Watch  - For Girls, Boys",4258,449,108
Quechua Arpenaz Novadry Boots,299,520,108
R Factor Casual Sleeveless Geometric Print Women's Top,1339,366,108
ROSEMOORE Home Gel Air Freshener,5982,219,108
Rampwalk Casual Sleeveless Solid Women's Top,990,179,34
Rapter BNC-047 BNC Wire Connector,299,638,108
Rapter BNC-179 BNC Wire Connector,7647,568,108
Raymond Checkered Men's Waistcoat,3969,268,108
Reckler Slim Fit Men's Jeans,5298,71,108
Redbag Eight Armed Goddess Sherawali Maa Showpiece  -  10.8 cm,999,638,108
Remson India Boots,2500,129,56
"Retaaz Casual, Party, Festive Sleeveless Floral Print Women's Top",1299,161,56
Rialto Boots,749,179,17
"Rich Club Apple Shaped LED Digital Watch  - For Boys, Girls",8960,105,108
Ridas Apl_led_black Apple Shape Digital Watch  - For Boys,2189,568,108
Riot Jeans Casual Short Sleeve Printed Women's Top,200,366,108
Riva Carpets Cotton Free Bath Mat Classic Loop Shag Bathmat_RI-527,3249,638,108
Riva Carpets Cotton Free Bath Mat Classic Shag Bathmat-RI-04,350,46,20
RoQ Slim Multimedia 105key Flexible Wired USB Flexible Keyboard,8809,268,108
Roadster Casual Short Sleeve Printed Women's Top,240,638,108
Roadster Men's Zipper Solid Cardigan,9469,147,108
Roadster Skinny Fit Fit Men's Jeans,942,366,108
Rochees RW38 Analog Watch  - For Boys,120,568,108
Rochees RW50 Analog Watch  - For Boys,399,268,108
"Rockstar R_056 Chrono Analog Watch  - For Men, Boys",7772,638,108
"Rorlig RR-028 Expedition Analog Watch  - For Men, Boys",9600,568,108
"Rorlig RR-030 Essentials Analog Watch  - For Men, Boys",104,491,108
Roxy Boots,539,30,108
Rute Floral Print Women's Round Neck T-Shirt,5610,568,108
SANTOSH ROYAL FASHION Cotton Embroidered Diwan Set,270,147,108
SANTOSH ROYAL FASHION Cotton Printed King sized Double Bedsheet,4950,30,108
"SFDS Casual, Formal, Party Full Sleeve Printed Women's Top",3580,86,108
"SFDS Casual, Formal, Party Short Sleeve Self Design Women's Top",999,257,34
"SFDS Casual, Formal, Party Sleeveless Self Design Women's Top",695,84,20
SPECIES Striped Round Neck Women's Sweater,4189,526,108
SWAGGA Women Clogs,1499,638,108
Sakay Country Leather Boots,185,171,108
"Sale Funda SFGFU694 Analog Watch  - For Boys, Men",695,268,108
Salt N Pepper 12-298 Taupe Boots,249,98,108
Salt N Pepper 13-019 Femme Black Boots Boots,5240,526,108
Salt N Pepper 13-019 Femme Taupe Boots Boots,129,638,108
Salt N Pepper 13-167 Marsha Red Boots,375,219,108
Salt N Pepper 13-455 Pisa Black Boots,500,366,108
Salt N Pepper 13-516 Greta Red Boots,625,129,108
Salt N Pepper 13-552 Rebacca Almond Boots,300,491,108
Salt N Pepper 14-475 Dorthea Almond Boots Boots,189,638,108
Salt N Pepper 14-664 Denny Black Boots Boots,500,268,108
Sam Stefy Boots,2059,181,108
"Sarva Casual, Party Sleeveless Self Design, Printed Women's Top",1498,638,108
"Sarva Party, Casual Sleeveless Self Design Women's Top",1590,268,108
"Sarva Party, Formal, Casual Sleeveless Embellished Women's Top",5159,181,108
Sassy Stripes Full Sleeve Printed Women's Jacket,5327,129,108
Sathiyas Cotton Bath Towel,300,366,108
Schtaron Loafers,296,105,108
Schwof Casual Full Sleeve Solid Women's Top,5681,449,108
Schwof Party Full Sleeve Solid Women's Top,66,449,108
Selfcare Girl's Top - Pyjama Set,299,606,108
Selfcare Soft & Comfortable Newly Launched Girl's Pyjama,6471,523,34
Selfcare Soft & Comfortable Newly Launched Girl's Top,5643,565,56
Selfcare Soft & Comfortable Newly Launched Girl's Top - Pyjama Set,5548,157,34
Selfie Black Denim Boots,2799,366,108
Selfie Boots,695,71,34
Sequences Girl's A-line Dress,189,431,108
Serebroarts Iron Decorative Platter,1796,526,108
Sheezworld Casual Full Sleeve Self Design Women's Top,1122,181,108
Shilpi Casual Cape Sleeve Solid Women's Top,3571,245,108
Shilpi NHSCN003 Coin Bank,2560,268,108
Shilpkala Casual Bell Sleeve Printed Women's Top,350,161,56
Shilpkala Casual Cape Sleeve Printed Women's Top,3914,638,108
Shilpkala Casual Short Sleeve Printed Women's Top,5661,363,56
Shilpkala Casual Sleeveless Embellished Women's Top,299,366,108
Shilpkala Casual Sleeveless Printed Women's Top,985,122,13
Shilpkala Casual Sleeveless Self Design Women's Top,199,366,108
Shilpkala Casual Sleeveless Solid Women's Top,690,449,108
ShoeBuzz Casuals,3097,181,108
Shopaholic Casual 3/4 Sleeve Solid Women's Top,341,128,56
Shopmania Music Band A5 Notebook Spiral Bound,5036,7,56
"Shoppingekart DS0222 Rewin Pack of 3 Digital Watch  - For Boys, Girls, Couple, Men",3200,71,108
Showoff Casual Sleeveless Solid Women's Top,1586,268,108
Shuz Touch Boots,795,47,20
Sicons All Purpose Arnica Dog Shampoo,570,568,108
Sicons All Purpose Tea Tree Dog Shampoo,325,219,108
Sicons Conditioning Conditoner Dog Shampoo,4091,366,108
Silver Streak Men's Printed Casual Denim Shirt,5012,366,108
Sisel Printed Poly Cotton Women's Stole,7849,105,108
Skayvon SUBMERSIBBLE THREE PHASE PUMP CONTROLLER Wired Sensor Security System,989,638,108
Skayvon SUMMERSIBLE SINGLE PHASE PUMP CONTROLLER Wired Sensor Security System,749,105,108
Skipper Blends Aqua Striped Eyelet Window Curtain,7935,638,108
"Skmei 1070BLK Sports Analog-Digital Watch  - For Men, Boys",946.15,606,108
"Skmei AD1031-Black Formal Analog-Digital Watch  - For Men, Boys",1235,568,108
"Skmei AD1057-Dark-Orange Sports Analog-Digital Watch  - For Men, Boys",3523,30,108
"Skmei DG0939-Red Sports Digital Watch  - For Men, Boys",4100,366,108
"Skmei DG1010-Black-Gold Sports Digital Watch  - For Men, Boys, Women, Girls",3200,496,108
Sneha Unique Boots,599,235,108
Soie Casual Sleeveless Solid Women's Top,457,181,108
"Soie Casual, Festive, Formal, Lounge Wear, Party Sleeveless Embellished, Solid Women's Top",1870,105,108
"Soie Casual, Festive, Formal, Lounge Wear, Party Sleeveless Solid Women's Top",350,13,108
"Srushti Art Jewelry Megnet_Led_Sport_BlackRed1 Digital Watch  - For Men, Women, Boys, Girls",5324.48,449,108
Stamin Mass Gainers,538,638,108
Status Quo Men's Solid Casual Shirt,184,219,108
Steppings Boots Boots,972,100,34
Steppings Running Shoes Casuals Shoes,695,267,56
Steppings Trendy Boots,877.55,10,5
Steppings Wedges Casuals Shoes,70,268,108
Stilestreet Casual Short Sleeve Solid Women's Top,863,268,108
Style Foot Bellies,4544,606,108
Stylistry Maxis Sa3228-25relong1712 Boots,9450,449,108
Stylistry Maxis Shde6603brwoboot3104 Boots,588,22,108
Suave Naturals Everlasting Sunshine Conditioner,1729,105,108
Sunrise Showpiece  -  28 cm,5689,181,108
Superkids Solid Round Neck Casual Boy's Sweater,3170,268,108
Svt Ada Collections Casual Full Sleeve Checkered Women's Top,1065,129,108
Svt Ada Collections Formal Full Sleeve Checkered Women's Top,685,245,108
Svt Ada Collections Party 3/4 Sleeve Checkered Women's Top,540,268,108
Swag 670014 Analog Watch  - For Boys,5059,181,108
Swag 670038 Analog Watch  - For Boys,265,366,108
"SwissFire 205SM005 Analog Watch  - For Boys, Men",269,86,108
T STAR UFT-TSW-005-BK-BR Analog Watch  - For Boys,330,8,108
"TAG Heuer CAU1116.BA0858 Formula 1 Analog Watch  - For Boys, Men",1899,638,108
TEN TEN Women's Black Knee Length Boots Boots,1317,496,108
TEN TEN Women's Tan Mid Length Boots Boots,1609,268,108
TRESemme Naturals Nourishing Moisture Conditioner Aloe Vera And Avocado,399,147,108
TSG Kelz Boots,574,268,108
Taj Pearl Alloy Cuff,699,173,20
Tapyti Casual 3/4 Sleeve Solid Women's Top,399,354,56
Tapyti Casual Full Sleeve Solid Women's Top,7889,525,56
Tapyti Casual Short Sleeve Solid Women's Top,999,245,34
Tapyti Casual Sleeveless Solid Women's Top,601,143,20
Tapyti Party Sleeveless Solid Women's Top,798,638,108
TeeMoods Casual Full Sleeve Solid Women's Top,6040,144,108
TeeMoods Casual Full Sleeve Striped Women's Top,8599,3,6
TeeMoods Casual Short Sleeve Solid Women's Top,475,161,56
"Tenn Casual, Party Sleeveless Floral Print Women's Top",8300,268,108
The Clove Casual 3/4 Sleeve Self Design Women's Top,2880,366,108
The Clove Casual 3/4 Sleeve Striped Women's Top,695,268,108
The Cranberry Club Girl's Gathered Dress,350,245,108
The Vanca Casual 3/4 Sleeve Polka Print Women's Top,2500,449,108
The Vanca Casual 3/4 Sleeve Solid Women's Top,299,345,108
The Vanca Formal Full Sleeve Self Design Women's Top,379,366,108
The Vanca Formal Sleeveless Printed Women's Top,1590,366,108
"Tiara Diaries 2016-2017 Designer LA Kaarta ""TAKING ACTION GETTING RESULT"" (Set of 3) B5 Notebook Hard Bound",198,173,108
Timer TC_-_690143 Analog Watch  - For Boys,1131,568,108
"Titan 1639SL03 Analog Watch  - For Boys, Men",1389,105,108
Totta Pouch for Sony Xperia M5 Dual,2165,357,108
Traditions Printed Protective Men's Gloves,499,216,56
Trend Arrest Casual 3/4 Sleeve Solid Women's Top,139,568,108
"Turbo LEAGUE Batting Gloves (Men, White, Blue)",120,105,108
"Turbo MSE TEST LITE Batting Gloves (Men, White, Orange)",695,449,108
Twilight Creations Humans 3 Zombiecon Board Game,460,621,108
United Colors of Benetton Solid Round Neck Casual Women's Sweater,444,520,20
United Colors of Benetton Striped Round Neck Casual Women's Sweater,679,606,108
Uptownie Lite Party Short Sleeve Floral Print Women's Top,3819,268,108
Urban Country Ladies Boots,1639,496,108
Urban Fashion Bank Casual 3/4 Sleeve Solid Women's Top,160,30,108
"Urban Fashion Bank Casual, Party, Festive, Lounge Wear Sleeveless Embellished Women's Top",606,181,108
"Urban Fashion Bank Casual, Party, Festive, Lounge Wear Sleeveless Printed Women's Top",498,30,108
V4STYLES Loafers,389,147,108
Van Heusen Men's Printed Party Shirt,249,129,108
Varanga Casual Short Sleeve Printed Women's Top,5099,562,56
Vastra Valley Girl's A-line Dress,534,82,108
Vastra Valley Girl's Gathered Dress,108,526,108
Veelys Shiny White Quad Roller Skates - Size 4.5 UK,245,449,108
Vencer Stella 7lyt1011 Digital Watch  - For Boys,479,638,108
Vermello Men Casual Brown Genuine Leather Belt,1049,568,108
Vishudh Printed Women's Anarkali Kurta,333,638,108
Vishudh Printed Women's Straight Kurta,489,50,8
"Vizion 8502-4BLUE Sports Series Digital Watch  - For Boys, Girls",400,638,108
"Vizion 8502-6BLACK Sports Series Digital Watch  - For Boys, Girls",255,366,108
"Vizion 8502-7PURPLE Sports Series Digital Watch  - For Boys, Girls",199,638,108
"Vizion 8503B-1RED Cold Light Digital Watch  - For Boys, Girls",387,431,108
Wake Up Competition Full Sleeve Striped Men's Sweatshirt,3018,366,108
Waves Girl's A-line Dress,100,449,108
WearYourShine by PCJ The Adriyel Gold Diamond 18 K Ring,374,219,108
WearYourShine by PCJ The Dawnetta Gold Diamond 18 K Ring,380,161,108
WearYourShine by PCJ The Helaine Gold Diamond 18 K Ring,5107,30,108
WearYourShine by PCJ The Joe Gold Diamond 18 K Ring,3840,526,108
WearYourShine by PCJ The Maryse Diamond Gold Diamond Yellow Gold 18 K Ring,897,366,108
WearYourShine by PCJ The Melina Gold Diamond 18 K Ring,599,268,108
WearYourShine by PCJ The Midori Gold Diamond 18 K Ring,475,449,108
WearYourShine by PCJ The Radelle Diamond Gold Diamond Yellow Gold 18 K Ring,380,30,108
WearYourShine by PCJ The Sharman Gold Diamond 18 K Ring,266,449,108
WearYourShine by PCJ The Skyrah Gold Diamond 18 K Ring,5814,268,108
Willy Winkies Black Boots,3599,431,108
Wise Guys Pouch for Lenovo S880,4535,268,108
Wowww Casual Short Sleeve Solid Women's Top,499,181,108
Wrangler Men's Casual Shirt,995,449,108
Wrangler Regular Fit Men's Jeans,564.9,526,108
Wrangler Skanders Fit Men's Jeans,1609,496,108
Xpert Schoolboys Blk Lace Up Shoes,2210,568,108
YK Self Design Round Neck Casual Boy's Sweater,766,638,108
YNA Aviator Sunglasses,8594,245,108
Yepme Casual Short Sleeve Solid Women's Top,398,86,108
Yepme Casual Sleeveless Solid Women's Top,1389,86,108
Yepme Women Flats,470,449,108
Yepme Women's Gathered Dress,728.98,366,108
Yna Wayfarer Sunglasses,269,129,108
Zastraa Party Full Sleeve Embroidered Women's Top,350,446,108
Zebra Outdoors,2019,357,108
Zed Loafers,743,606,108
Zenescope Entertainment Wonderland The Board Game,5760,638,108
Zoe Marciano Blue Heavy-duty satin wong fabric  Clutch,207,25,56
"Zoop C3030PP05 Analog Watch  - For Boys, Girls",3862,147,108
"Zoop C4040PP03 Digital Watch  - For Boys, Girls",3139,86,108
Zoysia Casual 3/4 Sleeve Solid Women's Top,609,568,108
"dilli bazaaar Bellies, Corporate Casuals, Casuals",660,638,108
dongli Printed Boy's Round Neck T-Shirt,207,431,108
"ezyPRNT ""BC"" Golf Ball -   Size: 4,  Diameter: 4.26 cm",144,606,108
"ezyPRNT ""CV"" Golf Ball -   Size: 4,  Diameter: 4.26 cm",9899,268,108
"ezyPRNT ""OL"" Golf Ball -   Size: 4.26 cm,  Diameter: 4.26 cm",4556,602,108
"ezyPRNT ""RH"" Golf Ball -   Size: 4.26 cm,  Diameter: 4.26 cm",744,181,108
"fastrack 38015PL01 Analog Watch  - For Men, Boys",220,268,108
reckonon red heart 011 Umbrella,4007,245,108
womaniya Alloy Bracelet,798,621,108
